headlines,terms,dates,scores
barron plots big-race plan with imperial,race,2004-08-02,2
immigration managers bullied black colleague,black,2004-08-03,2
paddick: i've been promoted into a non-job,job,2004-08-04,2
quantica back to black,black,2004-08-04,2
"gil scott-heron, a new black poet",black,2004-08-05,3
league table losers plan job cuts,job,2004-08-05,1
black people 'overlooked as volunteers',black,2004-08-05,2
white house race gets nasty,white,2004-08-06,1
white house race gets nasty,race,2004-08-06,1
'prime suspect' officer in job row,job,2004-08-06,2
dettori grabs the lead in title race,race,2004-08-06,2
the new black,black,2004-08-07,2
don't give up the day job,job,2004-08-09,1
the world economy sinks or swims in the black stuff,black,2004-08-09,1
is there anyone at spurs who can relieve the white hart pain?,white,2004-08-10,1
black conductor fears he will remain exception,black,2004-08-10,2
pregnant workers still face 'deep-seated discrimination',discrimination,2004-08-10,2
hollinger counts cost of black battle,black,2004-08-11,2
mandelson takes eu trade job,job,2004-08-12,2
builder revealed as dream job for kids,job,2004-08-12,2
graduates confident despite tough job market,job,2004-08-12,3
the inhuman race,race,2004-08-12,1
truck maker's fate fuels west midlands job fears,job,2004-08-13,1
button concentrates on the job in hand,job,2004-08-13,2
wood poised to join saga sale race,race,2004-08-13,2
kerry hit by 'race card' ads,white,2004-08-14,2
kerry hit by 'race card' ads,race,2004-08-14,2
the new black,black,2004-08-14,2
black fails to move court case,black,2004-08-14,1
when the right job puts you on the road to cheap cover,job,2004-08-14,3
white house leak inquiry summons journalists,white,2004-08-14,2
moyes frets over 'toughest job in this league',job,2004-08-16,2
older people to be invited to share homes with job seekers,job,2004-08-19,2
the white stuff,white,2004-08-20,2
sun's paul field quits to take on us job,job,2004-08-20,2
campbell in recovery race,race,2004-08-20,2
the new black,black,2004-08-21,2
"i like my job, says the lap dancer. no you don't, says the feminist helping city try to shut clubs",job,2004-08-21,2
all white now,white,2004-08-22,2
white police claim racism,white,2004-08-22,2
give up the day job,job,2004-08-22,2
the new black,black,2004-08-22,2
black gold,black,2004-08-22,3
pay-as-you-go cover comes in a black box,black,2004-08-22,2
cooke withdraws from points race,race,2004-08-23,2
pinsent is ready for the highs and the lows that  follow victory after historic race  in which british four rowed for two kilometres and  won by this tiny distance,race,2004-08-23,3
rise in bias claims by white police,white,2004-08-23,2
is man's black box on the blink?,black,2004-08-24,2
united join the race for rooney,race,2004-08-25,2
white van man keeps house prices down,white,2004-08-25,2
"white voices, black music and american accents",white,2004-08-25,2
"white voices, black music and american accents",black,2004-08-25,2
black rivals line up for historic senate fight in lincoln's state,black,2004-08-27,2
faye white,white,2004-08-27,2
the new black,black,2004-08-28,2
there's only one winner in this race,race,2004-08-28,2
'black widows' link to air crashes,black,2004-08-29,2
woman qc to be high court's first black judge,black,2004-08-31,2
"he's young, good looking, and hispanic - could he be the next george bush in the white house?",white,2004-08-31,2
how black made telegraph charities work for him,black,2004-08-31,2
what black claimed on expenses,black,2004-08-31,2
black eyed peas make beautiful music for the sims in the urbz,black,2004-08-31,1
black ran 'corporate kleptocracy',black,2004-08-31,2
black awaits breeden verdict,black,2004-08-31,2
harmison leads demolition job,job,2004-09-01,2
fallon held in race-fixing inquiry,race,2004-09-01,2
grid's £6bn sale raises job and safety concerns,job,2004-09-01,2
"greedy black plundered hollinger, says report",black,2004-09-01,2
black called shots and 'took what he wanted',black,2004-09-01,2
favourite rejects top fa job,job,2004-09-02,2
sport braced for damaging scandal as police investigate race-fixing allegations,race,2004-09-02,2
sport braced for damaging scandal as police investigate race-fixing allegations,race,2004-09-02,2
top jockey among 16 held in race-fixing raids,race,2004-09-02,2
solar power sucked into funding 'black hole',black,2004-09-02,1
black hole,black,2004-09-02,2
no black eye for black,black,2004-09-02,1
no black eye for black,black,2004-09-02,1
south korea raises fears of asian nuclear arms race,race,2004-09-03,2
faye white,white,2004-09-03,2
at least black spared us his dark side,black,2004-09-04,2
"after the lurid stories, black still faces judgment day in america",black,2004-09-04,2
the new black,black,2004-09-04,2
law poses threat to the italian job,job,2004-09-04,2
"guinness, black and champagne moments",black,2004-09-04,2
ontario judge adds to black inquiry list,black,2004-09-04,2
over-65s lose workplace discrimination case,discrimination,2004-09-04,2
birt says grade was pm's 'worst choice' for bbc job,job,2004-09-05,1
mosey leads race for radio 4 job,race,2004-09-06,2
mosey leads race for radio 4 job,job,2004-09-06,2
blair may face tougher race than bush in run-up to polls,race,2004-09-06,3
lifting the curse of black gold,black,2004-09-07,3
black marks,black,2004-09-07,2
"black boys betrayed by racist school system, says report",black,2004-09-07,1
staff vie for top job at radio 4,job,2004-09-07,2
de villiers quits itv board citing unreasonable demands of the job,job,2004-09-07,2
"kerry is back in the race, says latest poll",race,2004-09-08,2
black tycoons fail to mask gap in sa equality,black,2004-09-08,2
johnson takes pensions job,job,2004-09-08,2
perle distances himself from black scandal,black,2004-09-08,2
it is not brown's job to wield the assassin's knife,job,2004-09-08,1
taylor backs players' media black-out,black,2004-09-09,2
black and amiel sued by investors,black,2004-09-09,2
big mac sees off threat to job,job,2004-09-09,2
tom's little black blog,black,2004-09-10,2
investors to sue black for £1.7bn,black,2004-09-10,2
the new black,black,2004-09-11,2
met still lagging on race equality,race,2004-09-11,2
etlaala top of the pops in race for champagne,race,2004-09-11,2
"beware the men in white coats - 3,000 of them",unemployment,2004-09-11,2
"beware the men in white coats - 3,000 of them",white,2004-09-11,2
time to remember what those black armbands were for,black,2004-09-11,2
so you think your job is bad ...,job,2004-09-11,1
property prospects rosy on the black sea,black,2004-09-12,2
why pensions are the new black,black,2004-09-12,2
baghdad security job for diana's bodyguard,job,2004-09-12,2
brown told: you're still on course for top job,job,2004-09-12,2
benidorm or bust: spanish police halt luxury car road 'race',race,2004-09-13,2
lomu on track for all black return,black,2004-09-13,1
tv corp back in the black,black,2004-09-13,2
the wrap: a black day in baghdad,black,2004-09-13,2
civil servants to vote on strike over job cuts,job,2004-09-13,2
federer proves a class apart in demolition job,job,2004-09-13,3
teaching black children,black,2004-09-13,2
"'if all black politicians dropped dead, few would mourn'",black,2004-09-13,1
four on list for top police job,job,2004-09-13,2
city put keegan's job on the line,job,2004-09-14,2
four vie for radio 4's top job,job,2004-09-14,2
unions threaten action over job cut plans,discrimination,2004-09-14,2
unions threaten action over job cut plans,job,2004-09-14,2
unemployment hits 20-year low,unemployment,2004-09-15,2
dettori draws level in title race,race,2004-09-15,3
police point to commons 'inside job',job,2004-09-16,2
"2,000 civil service job cuts unveiled",job,2004-09-16,2
the woman in white,white,2004-09-16,2
black sees red over 'vindictive' article,black,2004-09-16,2
"the black bull inn, moulton, richmond",black,2004-09-17,2
white house 'knew of abuse' at guantanamo,white,2004-09-17,2
council appoints acting chief to top job,job,2004-09-17,3
the new black,black,2004-09-18,2
keegan admits his job is on the line,job,2004-09-18,2
"you must serve at least 12 years, judge tells race killer",race,2004-09-18,2
race remains wide open,race,2004-09-18,2
little black books,black,2004-09-18,2
race storm rocks tories in bradford,race,2004-09-19,3
weasels race into foxholes,race,2004-09-19,3
cable warns of 'inevitable' job cuts,job,2004-09-20,2
age discrimination widely felt at work ... by the young,discrimination,2004-09-20,2
france gains first black presenter on main evening bulletin,black,2004-09-20,2
salvation army warns of job losses,job,2004-09-21,2
lib dems attack 'tick-box' job targets,job,2004-09-21,1
job fears as deutsche culls chiefs,job,2004-09-22,2
new chapter for black literature,black,2004-09-22,2
homelessness soars in black and asian communities,black,2004-09-22,3
"ohne job, ohne mut, ohne hoffnung",job,2004-09-22,2
megson has two games to save job,job,2004-09-23,2
a job for dirty harry,job,2004-09-23,2
radio 4 job is 'really good break' for damazer,job,2004-09-24,3
damazer gets radio 4 top job,job,2004-09-24,2
"reds in the black, but skies are grey",black,2004-09-25,2
the new black,black,2004-09-25,2
betts grapples with dream job after nightmare start,job,2004-09-25,3
getting your first job abroad,job,2004-09-27,2
in brief: italian job sequel,job,2004-09-27,2
what is the job really like?,job,2004-09-28,2
sulamani loses race against time,race,2004-09-29,1
black history month,black,2004-09-30,2
why does tony blair eat black bananas?,black,2004-09-30,2
bid for jjb sees shares race up,race,2004-10-01,2
city bets on race for jjb,race,2004-10-01,2
"drive for cheaper labour costs leads to 1,300 job cuts",job,2004-10-01,1
civil servants vote on industrial action over job cuts,discrimination,2004-10-01,2
civil servants vote on industrial action over job cuts,job,2004-10-01,2
plan to sell off juvenile jails as job lot,job,2004-10-01,2
how can i transfer my skills to the uk job market?,job,2004-10-01,2
the new black,black,2004-10-02,2
kiwis enter world cup race,race,2004-10-02,2
paint it black,black,2004-10-02,2
discrimination row ends met woman's crusade against racism,discrimination,2004-10-03,2
white girls miss the most school,white,2004-10-03,2
the end of sexy black trousers,black,2004-10-04,3
the world's longest job interview,job,2004-10-04,2
rates turn business into white elephant,white,2004-10-04,2
flying the urban flag among the white boys with guitars,white,2004-10-05,2
toshack favourite to land welsh job,job,2004-10-06,2
festival hall refit leads to job cuts,job,2004-10-06,2
just the job,job,2004-10-06,2
more job cuts at bank of america,job,2004-10-07,2
green is the new black,black,2004-10-07,2
why is it now ok to kill black rhinos in southern africa?,black,2004-10-07,2
universities criticised over race records,race,2004-10-08,2
miners of white gold still haunt the pampas,white,2004-10-08,3
job loss figures deliver a blow to bush,job,2004-10-09,1
the new black,black,2004-10-09,2
subtler shades of black,black,2004-10-10,2
race for president back in balance,race,2004-10-10,2
problems mount for white house winner,white,2004-10-10,2
connor wins race for top british job,race,2004-10-11,4
connor wins race for top british job,job,2004-10-11,4
a job is not enough,job,2004-10-11,1
nhs faces £15bn black hole,black,2004-10-12,1
a two-horse race,race,2004-10-12,2
court ruling fails to deter hollinger in pursuit of black,black,2004-10-12,1
learning on the job,job,2004-10-12,2
outspoken uk envoy to uzbekistan may lose job,job,2004-10-12,2
uk unemployment hits 20-year low,unemployment,2004-10-13,1
collier up from the shires for lord's job,job,2004-10-13,2
'wrong personal style' costs rexam chief executive his job,job,2004-10-14,1
buoyed by the black stuff,black,2004-10-14,2
black launches third hollinger lawsuit,black,2004-10-14,2
black moods as desmond leaves grey lubyanka,black,2004-10-14,2
race still divides town and country,race,2004-10-14,2
thompson eyes uk athletics job,job,2004-10-14,2
coleman says no to welsh job,job,2004-10-15,1
kerry prowess ensures race will go to wire,race,2004-10-15,3
white chicks,white,2004-10-15,2
the new black,black,2004-10-16,2
flash-forward: black wire,black,2004-10-17,2
hazardous job facing black watch in the bombers' heartland,job,2004-10-18,2
hazardous job facing black watch in the bombers' heartland,black,2004-10-18,2
senate race both parties must win,race,2004-10-18,2
clarke promises white paper on 14-19 reform,white,2004-10-18,2
johnson's spectator job 'safe',job,2004-10-18,2
presidential race still tight,race,2004-10-18,2
flynn gets his interview for the wales job in first,job,2004-10-20,2
blair: black watch home for christmas,black,2004-10-20,2
citigroup purge costs britain's great survivor his job,job,2004-10-21,2
lehmann bemoans lack of support after race outburst,black,2004-10-21,1
lehmann bemoans lack of support after race outburst,race,2004-10-21,1
mp's race query 'juvenile',race,2004-10-21,2
coulthard has one race to prove his worth,race,2004-10-22,2
wanted to help the space race: women prepared to stay in bed for two months,race,2004-10-22,2
black watch to remain under uk command,black,2004-10-22,2
abbey top job for santander man,job,2004-10-22,2
black magic,black,2004-10-23,2
a two-horse race between two selling-platers,race,2004-10-23,1
race for cheaper deals,race,2004-10-23,2
the new black,black,2004-10-23,2
civil servants to strike over job cuts,job,2004-10-23,2
jesus the black icon tops list of greatest,black,2004-10-24,1
europe leads space race to hunt down et,race,2004-10-24,2
black watch troops say they are ready for new mission,black,2004-10-25,2
bbc staff brace for job losses,race,2004-10-25,2
bbc staff brace for job losses,job,2004-10-25,2
sterne smiles in race for tour card,race,2004-10-25,2
let the race begin!,race,2004-10-26,2
mbeki turns aids row into race issue,race,2004-10-26,2
hampshire win the race to sign pietersen,race,2004-10-26,2
more arrests in race-fix allegations,race,2004-10-26,2
black watch troops move into position,black,2004-10-27,2
rangers back in race as novo hits the spot,race,2004-10-27,2
black to get share of telegraph sale,black,2004-10-27,2
black watch troops on the move,black,2004-10-27,2
"in the deep south, salad comes with fried chicken and race comes with everything",race,2004-10-27,2
green and pleasant lands 'no place to be black',black,2004-10-27,3
poll shows public opposes black watch move in iraq,black,2004-10-27,2
conrad black in war of words with critic,black,2004-10-28,2
tories housing strategy 'comes close to playing race card',race,2004-10-28,2
what do you want in a science job?,job,2004-10-28,2
hollinger offers black $100m deal,black,2004-10-28,2
sleeper in the white house,white,2004-10-29,2
apartheid 'hero' who shot unarmed black people gets parole,black,2004-10-29,1
black watch solider dies in crash,black,2004-10-29,2
black to quit top job at hollinger inc,black,2004-10-29,2
black to quit top job at hollinger inc,job,2004-10-29,2
gsk speeds up cervical cancer vaccine race,race,2004-10-29,2
black christmas,black,2004-10-29,2
revering saints is a corporate job,job,2004-10-30,2
the new black,black,2004-10-30,2
accident kills black watch soldier on journey north,black,2004-10-30,1
we wouldn't have to shoot burglars if the law did its job,job,2004-10-30,1
housing and the race card,race,2004-10-30,2
it's definitely not the job for lots of people,job,2004-10-30,1
are your job plans in hand?,job,2004-10-30,2
"black watch moves to a life in a 'hot, smelly sand box'",black,2004-10-30,3
mpc rate rises seem to have done the job - but it's hard to say why,job,2004-11-01,2
race to improve,race,2004-11-02,2
also-ran nader can still decide race,race,2004-11-02,2
